target	RS0015	RS0083	RS0095	RS0109	RS0175	RS0237	RS0247	RS0255	RS0307	RS0332	RS0343	RS0384	RS0406	RS0451	RS0468	RS0548
Adamdec1	0	1	1	0	1	0	0	0	1	0	0	0	0	0	0	0
Akt1	0	0	1	0	0	0	1	0	1	0	0	0	0	1	0	0
Akt2	0	0	1	0	0	0	0	1	0	0	0	0	1	0	0	1
Akt3	0	0	0	0	0	0	0	0	0	0	1	1	0	0	1	1
Amica1	0	1	0	0	1	0	1	0	0	0	0	0	0	1	0	0
Anpep	0	0	1	0	1	0	0	0	0	0	1	0	0	0	0	1
Bcl2	0	0	0	0	0	1	0	1	0	0	0	0	0	1	0	1
Bcl6	0	0	0	0	0	1	0	0	1	1	0	0	0	0	1	0
Blk	0	1	0	0	1	0	0	1	0	1	0	0	0	0	0	0
Blnk	0	0	0	0	1	0	1	0	0	0	0	0	1	0	0	1
Car5b	0	1	0	0	0	0	0	0	1	0	1	0	0	0	0	1
Ccr2	0	1	1	0	0	0	0	0	0	0	0	0	1	0	1	0
Ccr3	1	0	0	1	1	0	0	0	0	1	0	0	0	0	0	0
Ccr7	0	0	0	1	0	0	0	0	0	0	0	1	1	0	1	0
Cd19	0	1	0	0	0	0	0	1	0	0	0	0	0	0	1	1
Cd28	0	0	0	0	1	0	0	0	0	1	1	1	0	0	0	0
Cd38	0	0	1	0	0	1	0	1	0	0	0	0	0	0	1	0
Cd4	1	0	0	1	0	1	0	0	0	0	0	0	1	0	0	0
Cd6	0	1	1	1	0	0	0	0	0	0	0	1	0	0	0	0
Clec7a	0	1	0	0	0	1	0	0	0	0	0	0	0	1	1	0
Cr2	1	0	0	0	0	1	0	0	0	0	1	0	0	0	0	1
Csf1r	1	1	0	0	0	0	1	0	0	0	0	0	1	0	0	0
Csf3r	0	1	0	0	0	0	1	0	0	0	1	0	0	0	1	0
Dock9	1	0	0	1	0	0	1	0	1	0	0	0	0	0	0	0
Egf	0	0	0	0	0	0	1	1	0	1	0	0	0	1	0	0
Egln2	1	0	0	0	0	1	0	0	0	1	0	0	0	1	0	0
Egln3	0	0	0	0	0	1	0	0	0	0	0	0	1	0	1	1
Eif2ak3	0	0	0	0	1	0	0	0	1	0	0	0	1	0	1	0
Eif4e2	0	0	0	0	1	0	0	0	0	1	0	0	0	0	1	1
Erbb2	0	0	0	0	1	1	0	0	1	0	0	0	0	0	0	1
Etv5	0	1	0	0	0	0	1	0	0	0	0	1	0	0	0	1
Fosb	0	0	0	0	1	0	0	0	0	0	1	0	0	1	1	0
Foxj1	1	0	0	0	0	1	0	0	0	0	0	1	0	0	1	0
Gata3	1	0	0	0	0	0	1	0	0	0	0	0	0	1	0	1
Gpr83	0	0	0	0	0	0	1	0	1	0	0	0	0	0	1	1
Gtf3c1	0	0	0	1	0	0	0	0	0	0	1	0	1	0	0	1
Hif1a	1	0	0	1	0	0	0	0	0	0	1	1	0	0	0	0
Hk2	0	1	0	0	1	0	0	0	0	0	0	1	1	0	0	0
Icos	0	0	0	0	0	1	0	1	0	1	1	0	0	0	0	0
Ikzf2	0	0	1	0	0	1	1	0	0	0	0	1	0	0	0	0
Ikzf4	0	1	0	0	0	0	0	0	0	1	1	0	1	0	0	0
Il12rb2	0	0	0	1	0	1	0	0	0	0	1	0	0	0	1	0
Il17ra	0	0	0	1	0	1	0	1	1	0	0	0	0	0	0	0
Il21r	0	0	0	0	0	0	1	1	0	0	0	1	0	0	1	0
Il5ra	0	0	0	0	0	0	0	0	0	1	1	0	0	1	0	1
Itgb2l	1	1	0	0	0	0	0	0	0	1	0	0	0	0	1	0
Jun	1	0	0	0	0	0	0	1	0	1	0	0	0	0	0	1
Klri2	1	0	1	0	1	1	0	0	0	0	0	0	0	0	0	0
Kras	0	0	1	0	0	0	0	0	0	0	0	0	0	1	1	1
Lamp3	0	0	0	1	0	1	0	0	0	0	0	1	0	0	0	1
Maf	0	0	0	1	0	0	0	0	1	0	0	0	0	1	0	1
Map2k1	0	1	0	0	0	0	0	1	0	0	1	1	0	0	0	0
Map2k2	1	0	1	0	0	0	0	1	0	0	0	1	0	0	0	0
Mapk1	0	0	0	0	0	0	0	1	0	1	0	1	1	0	0	0
Marco	0	0	1	0	1	0	1	1	0	0	0	0	0	0	0	0
Met	0	0	0	1	0	0	1	0	0	0	0	0	0	1	1	0
Mgam	0	0	1	0	0	1	0	0	0	0	0	0	1	1	0	0
Ms4a1	0	0	1	1	0	0	0	1	0	0	1	0	0	0	0	0
Msr1	0	0	0	1	0	0	0	1	0	1	0	0	0	0	1	0
Mtor	1	0	1	0	0	0	0	0	1	0	0	0	0	0	0	1
Nup107	1	0	0	0	0	0	1	0	0	1	1	0	0	0	0	0
Oas3	0	1	0	1	0	0	0	0	1	0	0	0	1	0	0	0
Padi4	0	1	0	0	0	0	1	1	1	0	0	0	0	0	0	0
Pdcd1	0	0	0	1	0	0	1	0	0	1	0	1	0	0	0	0
Pdgfc	0	0	0	0	1	0	1	0	1	1	0	0	0	0	0	0
Pdk1	0	0	0	1	1	1	0	0	0	0	0	0	0	1	0	0
Pik3ca	0	0	1	0	0	0	1	0	0	0	1	0	1	0	0	0
Pik3cd	1	0	0	0	0	0	0	1	1	0	0	0	1	0	0	0
Pik3cg	0	0	0	0	0	0	1	1	0	0	1	0	0	0	0	1
Pik3r1	0	0	0	0	1	0	0	1	1	0	0	0	0	1	0	0
Pik3r2	1	0	0	1	0	0	0	0	0	0	0	0	0	0	1	1
Pik3r5	1	0	1	1	0	0	0	0	0	0	0	0	0	1	0	0
Pkm	0	0	0	0	0	1	1	0	1	0	0	0	1	0	0	0
Pla2g6	0	1	0	1	0	1	1	0	0	0	0	0	0	0	0	0
Plcg1	1	0	0	0	0	0	0	1	0	0	1	0	0	1	0	0
Prf1	0	1	0	0	0	1	0	1	0	0	0	0	1	0	0	0
Prkcb	1	1	1	0	0	0	0	0	0	0	1	0	0	0	0	0
Pten	0	0	0	0	1	1	1	0	0	0	0	0	0	0	1	0
Ptgdr2	0	0	1	0	0	0	0	0	0	1	0	1	0	0	0	1
Ptprc	0	0	0	1	1	0	0	1	0	0	0	0	0	0	0	1
Rac1	0	0	0	0	0	0	0	0	0	1	0	1	0	1	1	0
Rac2	0	0	0	0	0	0	0	1	1	0	1	0	0	0	1	0
Raf1	0	0	1	0	1	0	0	0	0	1	0	0	0	1	0	0
Reps1	0	0	0	0	1	0	0	1	0	0	1	0	1	0	0	0
Rorc	0	0	0	0	0	1	0	0	1	0	0	1	0	1	0	0
Rps6kb1	0	1	1	0	0	1	0	0	0	0	0	0	0	0	0	1
Slc2a1	0	0	1	0	1	0	0	0	0	0	0	1	0	0	1	0
Slc44a4	1	1	0	0	0	1	0	0	1	0	0	0	0	0	0	0
Smad2	0	0	1	0	0	1	0	0	1	0	1	0	0	0	0	0
Smpd3	0	0	0	1	0	0	0	1	0	0	0	1	0	1	0	0
Sp1	1	1	0	0	0	0	0	0	0	0	0	1	0	1	0	0
Spib	0	0	0	0	0	0	1	0	1	0	1	1	0	0	0	0
Stat4	0	1	0	1	1	0	0	0	0	0	0	0	0	0	1	0
Stat6	1	0	0	0	1	0	0	0	0	0	0	0	1	1	0	0
Tbx21	1	0	0	0	1	0	1	0	0	0	0	1	0	0	0	0
Zbtb16	0	0	0	0	0	0	1	0	0	1	0	0	1	0	1	0
Zfp13	1	1	0	1	0	0	0	1	0	0	0	0	0	0	0	0
Adamts7	1	0	1	0	0	0	0	0	0	1	0	0	1	0	0	0
Adgrg6	0	0	0	0	0	0	0	1	0	0	0	0	1	1	1	0
Ado	0	0	1	0	0	0	0	0	1	0	0	1	1	0	0	0
Arhgef11	1	0	0	0	1	0	0	0	1	0	1	0	0	0	0	0
Atg9b	0	1	0	1	0	0	0	0	0	0	1	0	0	1	0	0
Baz2b	0	0	1	1	1	0	0	0	0	0	0	0	1	0	0	0
Brsk1	0	0	0	0	1	0	0	0	0	0	0	1	0	1	0	1
Ckap2	0	1	0	1	0	0	0	0	0	1	0	0	0	0	0	1
Crtc1	0	1	1	0	0	0	0	1	0	0	0	0	0	1	0	0
Ddx11	1	0	0	0	0	0	0	0	0	0	0	1	1	0	0	1
Dis3l	0	0	0	0	1	1	0	0	0	1	0	0	1	0	0	0
Eea1	0	0	0	0	0	0	1	0	0	0	0	1	1	1	0	0
Git1	0	0	0	0	0	0	0	1	1	0	0	1	0	0	0	1
Gm996	0	0	1	1	0	0	0	0	1	0	0	0	0	0	1	0
Gnptab	1	0	0	0	0	0	0	0	0	0	1	0	1	0	1	0
Gprasp1	0	1	1	0	0	0	1	0	0	1	0	0	0	0	0	0
Hecw2	1	0	0	0	0	1	1	1	0	0	0	0	0	0	0	0
Itga8	0	0	0	1	1	0	1	0	0	0	1	0	0	0	0	0
Kdm2b	0	0	1	0	0	0	0	1	1	1	0	0	0	0	0	0
Maml3	1	0	1	0	0	0	1	0	0	0	0	0	0	0	1	0
Mreg	0	0	0	0	0	1	1	0	0	1	0	0	0	0	0	1
Nckap5l	0	0	1	0	0	0	0	0	0	0	1	1	0	1	0	0
Nuak1	0	0	0	0	0	1	1	0	0	0	1	0	0	1	0	0
Pcdhac2	1	0	0	0	0	0	0	0	1	1	0	1	0	0	0	0
Pid1	0	0	0	1	0	0	0	0	1	1	1	0	0	0	0	0
Ppp1r26	0	1	0	0	0	0	0	0	1	0	0	1	0	0	1	0
Primpol	0	1	0	0	0	0	0	0	1	1	0	0	0	1	0	0
Rab11fip5	0	0	0	0	0	1	0	0	0	0	1	1	1	0	0	0
Rab3ip	0	0	1	1	0	0	1	0	0	0	0	0	0	0	0	1
Rab44	0	0	0	1	0	0	1	1	0	0	0	0	1	0	0	0
Scarf1	0	0	0	0	0	0	0	0	1	0	1	0	1	1	0	0
Scube3	0	1	0	0	0	1	0	0	0	1	0	1	0	0	0	0
Slc35d2	1	0	0	0	1	0	0	1	0	0	0	0	0	0	1	0
Smg7	0	0	0	0	0	0	0	0	1	1	0	0	1	0	0	1
Tmem151a	0	0	0	1	0	0	0	0	0	1	0	0	1	1	0	0
Tnip3	0	0	0	1	1	0	0	0	1	0	0	1	0	0	0	0
Txlna	0	1	0	0	0	0	0	0	0	0	0	0	1	1	0	1
